,source_station,time_bucket,avg_gated_entries,short_haul_exposure,n_destinations,BLUE,GREEN,ORANGE,RED,bucket_AM Rush,bucket_Early Morning,bucket_Evening,bucket_Late Night,bucket_PM Rush
0,Airport,AM Rush,1174.0727527897584,1.0,11,1,0,0,0,1.0,0.0,0.0,0.0,0.0
1,Airport,Early Morning,482.0554956624123,1.0,11,1,0,0,0,0.0,1.0,0.0,0.0,0.0
2,Airport,Evening,609.5213277695141,1.0,11,1,0,0,0,0.0,0.0,1.0,0.0,0.0
3,Airport,Late Night,458.4245268680914,1.0,11,1,0,0,0,0.0,0.0,0.0,1.0,0.0
4,Airport,Midday,1554.9221162928845,1.0,11,1,0,0,0,0.0,0.0,0.0,0.0,0.0
5,Airport,PM Rush,1422.422030533306,1.0,11,1,0,0,0,0.0,0.0,0.0,0.0,1.0
6,Alewife,AM Rush,1866.7762907222857,0.2727272727272727,22,0,0,0,1,1.0,0.0,0.0,0.0,0.0
7,Alewife,Early Morning,345.08095880757367,0.2727272727272727,22,0,0,0,1,0.0,1.0,0.0,0.0,0.0
8,Alewife,Evening,261.4134331813808,0.2727272727272727,22,0,0,0,1,0.0,0.0,1.0,0.0,0.0
9,Alewife,Late Night,99.60992503430329,0.2727272727272727,22,0,0,0,1,0.0,0.0,0.0,1.0,0.0
10,Alewife,Midday,1248.8549153251402,0.2727272727272727,22,0,0,0,1,0.0,0.0,0.0,0.0,0.0
11,Alewife,PM Rush,1202.888454280997,0.2727272727272727,22,0,0,0,1,0.0,0.0,0.0,0.0,1.0
12,Allston Street,AM Rush,0.0,0.56,25,0,1,0,0,1.0,0.0,0.0,0.0,0.0
13,Allston Street,Early Morning,0.0,0.4375,32,0,1,0,0,0.0,1.0,0.0,0.0,0.0
14,Allston Street,Evening,0.0,0.5185185185185185,27,0,1,0,0,0.0,0.0,1.0,0.0,0.0
15,Allston Street,Late Night,0.0,0.625,24,0,1,0,0,0.0,0.0,0.0,1.0,0.0
16,Allston Street,Midday,0.0,0.4827586206896552,29,0,1,0,0,0.0,0.0,0.0,0.0,0.0
17,Allston Street,PM Rush,0.0,0.48148148148148145,27,0,1,0,0,0.0,0.0,0.0,0.0,1.0
18,Amory Street,AM Rush,0.0,0.52,25,0,1,0,0,1.0,0.0,0.0,0.0,0.0
19,Amory Street,Early Morning,0.0,0.46875,32,0,1,0,0,0.0,1.0,0.0,0.0,0.0
20,Amory Street,Evening,0.0,0.5185185185185185,27,0,1,0,0,0.0,0.0,1.0,0.0,0.0
21,Amory Street,Late Night,0.0,0.5652173913043478,23,0,1,0,0,0.0,0.0,0.0,1.0,0.0
22,Amory Street,Midday,0.0,0.4642857142857143,28,0,1,0,0,0.0,0.0,0.0,0.0,0.0
23,Amory Street,PM Rush,0.0,0.4642857142857143,28,0,1,0,0,0.0,0.0,0.0,0.0,1.0
24,Andrew,AM Rush,779.6405846415823,0.6666666666666666,21,0,0,0,1,1.0,0.0,0.0,0.0,0.0
25,Andrew,Early Morning,242.8885038441951,0.7142857142857143,21,0,0,0,1,0.0,1.0,0.0,0.0,0.0
26,Andrew,Evening,208.74775556945474,0.6666666666666666,21,0,0,0,1,0.0,0.0,1.0,0.0,0.0
27,Andrew,Late Night,97.56800365621736,0.7142857142857143,21,0,0,0,1,0.0,0.0,0.0,1.0,0.0
28,Andrew,Midday,859.7357188537959,0.6666666666666666,21,0,0,0,1,0.0,0.0,0.0,0.0,0.0
29,Andrew,PM Rush,743.2745738709144,0.6666666666666666,21,0,0,0,1,0.0,0.0,0.0,0.0,1.0
30,Aquarium,AM Rush,147.683363417703,0.9090909090909091,11,1,0,0,0,1.0,0.0,0.0,0.0,0.0
31,Aquarium,Early Morning,35.27036845248831,0.9090909090909091,11,1,0,0,0,0.0,1.0,0.0,0.0,0.0
32,Aquarium,Evening,518.0747270738826,0.9090909090909091,11,1,0,0,0,0.0,0.0,1.0,0.0,0.0
33,Aquarium,Late Night,438.33051510989134,0.8333333333333334,12,1,0,0,0,0.0,0.0,0.0,1.0,0.0
34,Aquarium,Midday,658.2208723417989,0.8181818181818182,11,1,0,0,0,0.0,0.0,0.0,0.0,0.0
35,Aquarium,PM Rush,1318.6662073732982,0.8181818181818182,11,1,0,0,0,0.0,0.0,0.0,0.0,1.0
36,Arlington,AM Rush,235.96975518292186,0.35714285714285715,70,0,1,0,0,1.0,0.0,0.0,0.0,0.0
37,Arlington,Early Morning,34.553428614508796,0.4057971014492754,69,0,1,0,0,0.0,1.0,0.0,0.0,0.0
38,Arlington,Evening,535.0759870702732,0.32857142857142857,70,0,1,0,0,0.0,0.0,1.0,0.0,0.0
39,Arlington,Late Night,237.16817505564416,0.4,70,0,1,0,0,0.0,0.0,0.0,1.0,0.0
40,Arlington,Midday,953.4235126262516,0.3142857142857143,70,0,1,0,0,0.0,0.0,0.0,0.0,0.0
41,Arlington,PM Rush,1627.1232531822054,0.3188405797101449,69,0,1,0,0,0.0,0.0,0.0,0.0,1.0
42,Ashmont,AM Rush,1073.2224021318011,0.375,16,0,0,0,1,1.0,0.0,0.0,0.0,0.0
43,Ashmont,Early Morning,485.94182743847216,0.375,16,0,0,0,1,0.0,1.0,0.0,0.0,0.0
44,Ashmont,Evening,230.4607506644525,0.375,16,0,0,0,1,0.0,0.0,1.0,0.0,0.0
45,Ashmont,Late Night,129.72233675525567,0.375,16,0,0,0,1,0.0,0.0,0.0,1.0,0.0
46,Ashmont,Midday,955.2326565008696,0.375,16,0,0,0,1,0.0,0.0,0.0,0.0,0.0
47,Ashmont,PM Rush,679.8960355952769,0.375,16,0,0,0,1,0.0,0.0,0.0,0.0,1.0
48,Assembly,AM Rush,385.99798110677466,0.631578947368421,19,0,0,1,0,1.0,0.0,0.0,0.0,0.0
49,Assembly,Early Morning,62.46724920129313,0.631578947368421,19,0,0,1,0,0.0,1.0,0.0,0.0,0.0
50,Assembly,Evening,373.2245469013003,0.631578947368421,19,0,0,1,0,0.0,0.0,1.0,0.0,0.0
51,Assembly,Late Night,129.2180184004347,0.631578947368421,19,0,0,1,0,0.0,0.0,0.0,1.0,0.0
52,Assembly,Midday,685.6584254303654,0.65,20,0,0,1,0,0.0,0.0,0.0,0.0,0.0
53,Assembly,PM Rush,981.673441012909,0.631578947368421,19,0,0,1,0,0.0,0.0,0.0,0.0,1.0
54,Babcock Street,AM Rush,0.0,0.56,25,0,1,0,0,1.0,0.0,0.0,0.0,0.0
55,Babcock Street,Early Morning,0.0,0.46875,32,0,1,0,0,0.0,1.0,0.0,0.0,0.0
56,Babcock Street,Evening,0.0,0.5384615384615384,26,0,1,0,0,0.0,0.0,1.0,0.0,0.0
57,Babcock Street,Late Night,0.0,0.625,24,0,1,0,0,0.0,0.0,0.0,1.0,0.0
58,Babcock Street,Midday,0.0,0.5,28,0,1,0,0,0.0,0.0,0.0,0.0,0.0
59,Babcock Street,PM Rush,0.0,0.5185185185185185,27,0,1,0,0,0.0,0.0,0.0,0.0,1.0
60,Back Bay,AM Rush,1196.1250550169195,0.8421052631578947,19,0,0,1,0,1.0,0.0,0.0,0.0,0.0
61,Back Bay,Early Morning,206.22993655321707,0.8421052631578947,19,0,0,1,0,0.0,1.0,0.0,0.0,0.0
62,Back Bay,Evening,1268.3399821298783,0.8421052631578947,19,0,0,1,0,0.0,0.0,1.0,0.0,0.0
63,Back Bay,Late Night,647.9542464947477,0.8421052631578947,19,0,0,1,0,0.0,0.0,0.0,1.0,0.0
64,Back Bay,Midday,1895.5540640917343,0.8421052631578947,19,0,0,1,0,0.0,0.0,0.0,0.0,0.0
65,Back Bay,PM Rush,3805.4177998525524,0.7894736842105263,19,0,0,1,0,0.0,0.0,0.0,0.0,1.0
66,Ball Square,AM Rush,162.50526880734978,0.2962962962962963,27,0,1,0,0,1.0,0.0,0.0,0.0,0.0
67,Ball Square,Early Morning,25.976768435494925,0.125,56,0,1,0,0,0.0,1.0,0.0,0.0,0.0
68,Ball Square,Evening,33.729702828087945,0.28,25,0,1,0,0,0.0,0.0,1.0,0.0,0.0
69,Ball Square,Late Night,26.865534390695213,0.34615384615384615,26,0,1,0,0,0.0,0.0,0.0,1.0,0.0
70,Ball Square,Midday,113.4980616498175,0.16666666666666666,42,0,1,0,0,0.0,0.0,0.0,0.0,0.0
71,Ball Square,PM Rush,78.0032557882066,0.15,40,0,1,0,0,0.0,0.0,0.0,0.0,1.0
72,Beachmont,AM Rush,738.8912385550249,0.8181818181818182,11,1,0,0,0,1.0,0.0,0.0,0.0,0.0
73,Beachmont,Early Morning,378.9855208441449,0.8181818181818182,11,1,0,0,0,0.0,1.0,0.0,0.0,0.0
74,Beachmont,Evening,111.2685134567626,0.8181818181818182,11,1,0,0,0,0.0,0.0,1.0,0.0,0.0
75,Beachmont,Late Night,75.57586921536404,0.8181818181818182,11,1,0,0,0,0.0,0.0,0.0,1.0,0.0
76,Beachmont,Midday,623.3914385823674,0.7272727272727273,11,1,0,0,0,0.0,0.0,0.0,0.0,0.0
77,Beachmont,PM Rush,417.74401321855527,0.8181818181818182,11,1,0,0,0,0.0,0.0,0.0,0.0,1.0
78,Beaconsfield,AM Rush,0.0,0.4444444444444444,27,0,1,0,0,1.0,0.0,0.0,0.0,0.0
79,Beaconsfield,Early Morning,0.0,0.3548387096774194,31,0,1,0,0,0.0,1.0,0.0,0.0,0.0
80,Beaconsfield,Evening,0.0,0.44,25,0,1,0,0,0.0,0.0,1.0,0.0,0.0
81,Beaconsfield,Late Night,0.0,0.5,24,0,1,0,0,0.0,0.0,0.0,1.0,0.0
82,Beaconsfield,Midday,0.0,0.4444444444444444,27,0,1,0,0,0.0,0.0,0.0,0.0,0.0
83,Beaconsfield,PM Rush,0.0,0.4230769230769231,26,0,1,0,0,0.0,0.0,0.0,0.0,1.0
84,Blandford Street,AM Rush,0.0,0.6,25,0,1,0,0,1.0,0.0,0.0,0.0,0.0
85,Blandford Street,Early Morning,0.0,0.5,32,0,1,0,0,0.0,1.0,0.0,0.0,0.0
86,Blandford Street,Evening,0.0,0.5185185185185185,27,0,1,0,0,0.0,0.0,1.0,0.0,0.0
87,Blandford Street,Late Night,0.0,0.6521739130434783,23,0,1,0,0,0.0,0.0,0.0,1.0,0.0
88,Blandford Street,Midday,0.0,0.48148148148148145,27,0,1,0,0,0.0,0.0,0.0,0.0,0.0
89,Blandford Street,PM Rush,0.0,0.4444444444444444,27,0,1,0,0,0.0,0.0,0.0,0.0,1.0
90,Boston College,AM Rush,0.0,0.5333333333333333,45,0,1,0,0,1.0,0.0,0.0,0.0,0.0
91,Boston College,Early Morning,0.0,0.52,50,0,1,0,0,0.0,1.0,0.0,0.0,0.0
92,Boston College,Evening,0.0,0.5319148936170213,47,0,1,0,0,0.0,0.0,1.0,0.0,0.0
93,Boston College,Late Night,0.0,0.40540540540540543,37,0,1,0,0,0.0,0.0,0.0,1.0,0.0
94,Boston College,Midday,0.0,0.4,40,0,1,0,0,0.0,0.0,0.0,0.0,0.0
95,Boston College,PM Rush,0.0,0.46153846153846156,39,0,1,0,0,0.0,0.0,0.0,0.0,1.0
96,Boston University Central,AM Rush,0.0,0.56,25,0,1,0,0,1.0,0.0,0.0,0.0,0.0
97,Boston University Central,Early Morning,0.0,0.46875,32,0,1,0,0,0.0,1.0,0.0,0.0,0.0
98,Boston University Central,Evening,0.0,0.5185185185185185,27,0,1,0,0,0.0,0.0,1.0,0.0,0.0
99,Boston University Central,Late Night,0.0,0.5652173913043478,23,0,1,0,0,0.0,0.0,0.0,1.0,0.0
100,Boston University Central,Midday,0.0,0.4642857142857143,28,0,1,0,0,0.0,0.0,0.0,0.0,0.0
101,Boston University Central,PM Rush,0.0,0.5,28,0,1,0,0,0.0,0.0,0.0,0.0,1.0
102,Boston University East,AM Rush,0.0,0.56,25,0,1,0,0,1.0,0.0,0.0,0.0,0.0
103,Boston University East,Early Morning,0.0,0.4375,32,0,1,0,0,0.0,1.0,0.0,0.0,0.0
104,Boston University East,Evening,0.0,0.5185185185185185,27,0,1,0,0,0.0,0.0,1.0,0.0,0.0
105,Boston University East,Late Night,0.0,0.6086956521739131,23,0,1,0,0,0.0,0.0,0.0,1.0,0.0
106,Boston University East,Midday,0.0,0.4642857142857143,28,0,1,0,0,0.0,0.0,0.0,0.0,0.0
107,Boston University East,PM Rush,0.0,0.48148148148148145,27,0,1,0,0,0.0,0.0,0.0,0.0,1.0
108,Bowdoin,AM Rush,77.36840553028719,0.6363636363636364,11,1,0,0,0,1.0,0.0,0.0,0.0,0.0
109,Bowdoin,Early Morning,14.58742104374902,0.7272727272727273,11,1,0,0,0,0.0,1.0,0.0,0.0,0.0
110,Bowdoin,Evening,184.59314321824783,0.6363636363636364,11,1,0,0,0,0.0,0.0,1.0,0.0,0.0
111,Bowdoin,Late Night,142.15244480215685,0.6363636363636364,11,1,0,0,0,0.0,0.0,0.0,1.0,0.0
112,Bowdoin,Midday,288.6904937817544,0.6363636363636364,11,1,0,0,0,0.0,0.0,0.0,0.0,0.0
113,Bowdoin,PM Rush,714.2136816456788,0.6363636363636364,11,1,0,0,0,0.0,0.0,0.0,0.0,1.0
114,Boylston,AM Rush,288.24857393624444,0.3142857142857143,70,0,1,0,0,1.0,0.0,0.0,0.0,0.0
115,Boylston,Early Morning,41.87021825782915,0.34782608695652173,69,0,1,0,0,0.0,1.0,0.0,0.0,0.0
116,Boylston,Evening,726.1979616276348,0.2714285714285714,70,0,1,0,0,0.0,0.0,1.0,0.0,0.0
117,Boylston,Late Night,404.16957305900735,0.34285714285714286,70,0,1,0,0,0.0,0.0,0.0,1.0,0.0
118,Boylston,Midday,967.9489764830256,0.2714285714285714,70,0,1,0,0,0.0,0.0,0.0,0.0,0.0
119,Boylston,PM Rush,1384.7354874593148,0.2714285714285714,70,0,1,0,0,0.0,0.0,0.0,0.0,1.0
120,Braintree,AM Rush,608.6068941128124,0.23529411764705882,17,0,0,0,1,1.0,0.0,0.0,0.0,0.0
121,Braintree,Early Morning,412.0275521895898,0.23529411764705882,17,0,0,0,1,0.0,1.0,0.0,0.0,0.0
122,Braintree,Evening,102.66508323296944,0.23529411764705882,17,0,0,0,1,0.0,0.0,1.0,0.0,0.0
123,Braintree,Late Night,90.91800832494772,0.23529411764705882,17,0,0,0,1,0.0,0.0,0.0,1.0,0.0
124,Braintree,Midday,418.640437960856,0.23529411764705882,17,0,0,0,1,0.0,0.0,0.0,0.0,0.0
125,Braintree,PM Rush,359.482714012384,0.23529411764705882,17,0,0,0,1,0.0,0.0,0.0,0.0,1.0
126,Brandon Hall,AM Rush,0.0,0.5652173913043478,23,0,1,0,0,1.0,0.0,0.0,0.0,0.0
127,Brandon Hall,Early Morning,0.0,0.43333333333333335,30,0,1,0,0,0.0,1.0,0.0,0.0,0.0
128,Brandon Hall,Evening,0.0,0.5652173913043478,23,0,1,0,0,0.0,0.0,1.0,0.0,0.0
129,Brandon Hall,Late Night,0.0,0.6190476190476191,21,0,1,0,0,0.0,0.0,0.0,1.0,0.0
130,Brandon Hall,Midday,0.0,0.5652173913043478,23,0,1,0,0,0.0,0.0,0.0,0.0,0.0
131,Brandon Hall,PM Rush,0.0,0.5416666666666666,24,0,1,0,0,0.0,0.0,0.0,0.0,1.0
132,Brigham Circle,AM Rush,0.0,0.46153846153846156,26,0,1,0,0,1.0,0.0,0.0,0.0,0.0
133,Brigham Circle,Early Morning,0.0,0.48,25,0,1,0,0,0.0,1.0,0.0,0.0,0.0
134,Brigham Circle,Evening,0.0,0.46153846153846156,26,0,1,0,0,0.0,0.0,1.0,0.0,0.0
135,Brigham Circle,Late Night,0.0,0.48,25,0,1,0,0,0.0,0.0,0.0,1.0,0.0
136,Brigham Circle,Midday,0.0,0.44,25,0,1,0,0,0.0,0.0,0.0,0.0,0.0
137,Brigham Circle,PM Rush,0.0,0.46153846153846156,26,0,1,0,0,0.0,0.0,0.0,0.0,1.0
138,Broadway,AM Rush,784.2140526505206,0.6363636363636364,22,0,0,0,1,1.0,0.0,0.0,0.0,0.0
139,Broadway,Early Morning,169.14854631343107,0.6363636363636364,22,0,0,0,1,0.0,1.0,0.0,0.0,0.0
140,Broadway,Evening,320.44340629037765,0.6363636363636364,22,0,0,0,1,0.0,0.0,1.0,0.0,0.0
141,Broadway,Late Night,168.9482729053296,0.6666666666666666,21,0,0,0,1,0.0,0.0,0.0,1.0,0.0
142,Broadway,Midday,745.0713956414583,0.6363636363636364,22,0,0,0,1,0.0,0.0,0.0,0.0,0.0
143,Broadway,PM Rush,988.495661536522,0.6363636363636364,22,0,0,0,1,0.0,0.0,0.0,0.0,1.0
144,Brookline Hills,AM Rush,0.0,0.4074074074074074,27,0,1,0,0,1.0,0.0,0.0,0.0,0.0
145,Brookline Hills,Early Morning,0.0,0.375,32,0,1,0,0,0.0,1.0,0.0,0.0,0.0
146,Brookline Hills,Evening,0.0,0.4230769230769231,26,0,1,0,0,0.0,0.0,1.0,0.0,0.0
147,Brookline Hills,Late Night,0.0,0.5,26,0,1,0,0,0.0,0.0,0.0,1.0,0.0
148,Brookline Hills,Midday,0.0,0.4074074074074074,27,0,1,0,0,0.0,0.0,0.0,0.0,0.0
149,Brookline Hills,PM Rush,0.0,0.4074074074074074,27,0,1,0,0,0.0,0.0,0.0,0.0,1.0
150,Brookline Village,AM Rush,0.0,0.4074074074074074,27,0,1,0,0,1.0,0.0,0.0,0.0,0.0
151,Brookline Village,Early Morning,0.0,0.40625,32,0,1,0,0,0.0,1.0,0.0,0.0,0.0
152,Brookline Village,Evening,0.0,0.4230769230769231,26,0,1,0,0,0.0,0.0,1.0,0.0,0.0
153,Brookline Village,Late Night,0.0,0.5,26,0,1,0,0,0.0,0.0,0.0,1.0,0.0
154,Brookline Village,Midday,0.0,0.4074074074074074,27,0,1,0,0,0.0,0.0,0.0,0.0,0.0
155,Brookline Village,PM Rush,0.0,0.4074074074074074,27,0,1,0,0,0.0,0.0,0.0,0.0,1.0
156,Central,AM Rush,1503.587275864914,0.5238095238095238,21,0,0,0,1,1.0,0.0,0.0,0.0,0.0
157,Central,Early Morning,210.0702114802616,0.5238095238095238,21,0,0,0,1,0.0,1.0,0.0,0.0,0.0
158,Central,Evening,918.8254683688178,0.5454545454545454,22,0,0,0,1,0.0,0.0,1.0,0.0,0.0
159,Central,Late Night,413.30009827956064,0.5238095238095238,21,0,0,0,1,0.0,0.0,0.0,1.0,0.0
160,Central,Midday,1971.587370055919,0.5454545454545454,22,0,0,0,1,0.0,0.0,0.0,0.0,0.0
161,Central,PM Rush,2447.232807242359,0.47619047619047616,21,0,0,0,1,0.0,0.0,0.0,0.0,1.0
162,Charles/MGH,AM Rush,563.2472635275666,0.5714285714285714,21,0,0,0,1,1.0,0.0,0.0,0.0,0.0
163,Charles/MGH,Early Morning,66.15403437640786,0.5714285714285714,21,0,0,0,1,0.0,1.0,0.0,0.0,0.0
164,Charles/MGH,Evening,659.0779233107138,0.5714285714285714,21,0,0,0,1,0.0,0.0,1.0,0.0,0.0
165,Charles/MGH,Late Night,284.90938062032535,0.5714285714285714,21,0,0,0,1,0.0,0.0,0.0,1.0,0.0
166,Charles/MGH,Midday,1171.2737071663678,0.5454545454545454,22,0,0,0,1,0.0,0.0,0.0,0.0,0.0
167,Charles/MGH,PM Rush,2496.2700867094736,0.5238095238095238,21,0,0,0,1,0.0,0.0,0.0,0.0,1.0
168,Chestnut Hill,AM Rush,0.0,0.4444444444444444,27,0,1,0,0,1.0,0.0,0.0,0.0,0.0
169,Chestnut Hill,Early Morning,0.0,0.40625,32,0,1,0,0,0.0,1.0,0.0,0.0,0.0
170,Chestnut Hill,Evening,0.0,0.48,25,0,1,0,0,0.0,0.0,1.0,0.0,0.0
171,Chestnut Hill,Late Night,0.0,0.52,25,0,1,0,0,0.0,0.0,0.0,1.0,0.0
172,Chestnut Hill,Midday,0.0,0.4444444444444444,27,0,1,0,0,0.0,0.0,0.0,0.0,0.0
173,Chestnut Hill,PM Rush,0.0,0.46153846153846156,26,0,1,0,0,0.0,0.0,0.0,0.0,1.0
174,Chestnut Hill Avenue,AM Rush,0.0,0.4,25,0,1,0,0,1.0,0.0,0.0,0.0,0.0
175,Chestnut Hill Avenue,Early Morning,0.0,0.2727272727272727,33,0,1,0,0,0.0,1.0,0.0,0.0,0.0
176,Chestnut Hill Avenue,Evening,0.0,0.34615384615384615,26,0,1,0,0,0.0,0.0,1.0,0.0,0.0
177,Chestnut Hill Avenue,Late Night,0.0,0.4166666666666667,24,0,1,0,0,0.0,0.0,0.0,1.0,0.0
178,Chestnut Hill Avenue,Midday,0.0,0.37037037037037035,27,0,1,0,0,0.0,0.0,0.0,0.0,0.0
179,Chestnut Hill Avenue,PM Rush,0.0,0.34615384615384615,26,0,1,0,0,0.0,0.0,0.0,0.0,1.0
180,Chinatown,AM Rush,291.35689049746713,0.8421052631578947,19,0,0,1,0,1.0,0.0,0.0,0.0,0.0
181,Chinatown,Early Morning,54.07603991290968,0.8421052631578947,19,0,0,1,0,0.0,1.0,0.0,0.0,0.0
182,Chinatown,Evening,694.485258528799,0.8421052631578947,19,0,0,1,0,0.0,0.0,1.0,0.0,0.0
183,Chinatown,Late Night,323.4428882774695,0.8421052631578947,19,0,0,1,0,0.0,0.0,0.0,1.0,0.0
184,Chinatown,Midday,937.6938394451101,0.8421052631578947,19,0,0,1,0,0.0,0.0,0.0,0.0,0.0
185,Chinatown,PM Rush,1317.9427239368508,0.8421052631578947,19,0,0,1,0,0.0,0.0,0.0,0.0,1.0
186,Chiswick Road,AM Rush,0.0,0.4,25,0,1,0,0,1.0,0.0,0.0,0.0,0.0
187,Chiswick Road,Early Morning,0.0,0.3125,32,0,1,0,0,0.0,1.0,0.0,0.0,0.0
188,Chiswick Road,Evening,0.0,0.4,25,0,1,0,0,0.0,0.0,1.0,0.0,0.0
189,Chiswick Road,Late Night,0.0,0.44,25,0,1,0,0,0.0,0.0,0.0,1.0,0.0
190,Chiswick Road,Midday,0.0,0.3448275862068966,29,0,1,0,0,0.0,0.0,0.0,0.0,0.0
191,Chiswick Road,PM Rush,0.0,0.37037037037037035,27,0,1,0,0,0.0,0.0,0.0,0.0,1.0
192,Cleveland Circle,AM Rush,0.0,0.4411764705882353,34,0,1,0,0,1.0,0.0,0.0,0.0,0.0
193,Cleveland Circle,Early Morning,0.0,0.42857142857142855,42,0,1,0,0,0.0,1.0,0.0,0.0,0.0
194,Cleveland Circle,Evening,0.0,0.5151515151515151,33,0,1,0,0,0.0,0.0,1.0,0.0,0.0
195,Cleveland Circle,Late Night,0.0,0.5,22,0,1,0,0,0.0,0.0,0.0,1.0,0.0
196,Cleveland Circle,Midday,0.0,0.4444444444444444,36,0,1,0,0,0.0,0.0,0.0,0.0,0.0
197,Cleveland Circle,PM Rush,0.0,0.48484848484848486,33,0,1,0,0,0.0,0.0,0.0,0.0,1.0
198,Community College,AM Rush,337.8716058728273,0.6842105263157895,19,0,0,1,0,1.0,0.0,0.0,0.0,0.0
199,Community College,Early Morning,72.51490400497812,0.7368421052631579,19,0,0,1,0,0.0,1.0,0.0,0.0,0.0
200,Community College,Evening,209.50942971432264,0.7368421052631579,19,0,0,1,0,0.0,0.0,1.0,0.0,0.0
201,Community College,Late Night,65.51272764623877,0.7368421052631579,19,0,0,1,0,0.0,0.0,0.0,1.0,0.0
202,Community College,Midday,733.6203150105523,0.6842105263157895,19,0,0,1,0,0.0,0.0,0.0,0.0,0.0
203,Community College,PM Rush,856.776059121023,0.6842105263157895,19,0,0,1,0,0.0,0.0,0.0,0.0,1.0
204,Coolidge Corner,AM Rush,0.0,0.6086956521739131,23,0,1,0,0,1.0,0.0,0.0,0.0,0.0
205,Coolidge Corner,Early Morning,0.0,0.5161290322580645,31,0,1,0,0,0.0,1.0,0.0,0.0,0.0
206,Coolidge Corner,Evening,0.0,0.5909090909090909,22,0,1,0,0,0.0,0.0,1.0,0.0,0.0
207,Coolidge Corner,Late Night,0.0,0.7272727272727273,22,0,1,0,0,0.0,0.0,0.0,1.0,0.0
208,Coolidge Corner,Midday,0.0,0.5833333333333334,24,0,1,0,0,0.0,0.0,0.0,0.0,0.0
209,Coolidge Corner,PM Rush,0.0,0.5652173913043478,23,0,1,0,0,0.0,0.0,0.0,0.0,1.0
210,Copley,AM Rush,660.4659130997513,0.4,70,0,1,0,0,1.0,0.0,0.0,0.0,0.0
211,Copley,Early Morning,114.79962723648732,0.4492753623188406,69,0,1,0,0,0.0,1.0,0.0,0.0,0.0
212,Copley,Evening,1329.475756585793,0.38571428571428573,70,0,1,0,0,0.0,0.0,1.0,0.0,0.0
213,Copley,Late Night,550.9639610899308,0.42028985507246375,69,0,1,0,0,0.0,0.0,0.0,1.0,0.0
214,Copley,Midday,2024.0241363814093,0.38571428571428573,70,0,1,0,0,0.0,0.0,0.0,0.0,0.0
215,Copley,PM Rush,3284.8914743676332,0.38571428571428573,70,0,1,0,0,0.0,0.0,0.0,0.0,1.0
216,Davis,AM Rush,1403.8636937836402,0.2857142857142857,21,0,0,0,1,1.0,0.0,0.0,0.0,0.0
217,Davis,Early Morning,190.3432633916337,0.3181818181818182,22,0,0,0,1,0.0,1.0,0.0,0.0,0.0
218,Davis,Evening,378.47865627832584,0.36363636363636365,22,0,0,0,1,0.0,0.0,1.0,0.0,0.0
219,Davis,Late Night,163.2370925829239,0.3333333333333333,21,0,0,0,1,0.0,0.0,0.0,1.0,0.0
220,Davis,Midday,1100.2940884416455,0.36363636363636365,22,0,0,0,1,0.0,0.0,0.0,0.0,0.0
221,Davis,PM Rush,969.2313942069007,0.2857142857142857,21,0,0,0,1,0.0,0.0,0.0,0.0,1.0
222,Dean Road,AM Rush,0.0,0.4782608695652174,23,0,1,0,0,1.0,0.0,0.0,0.0,0.0
223,Dean Road,Early Morning,0.0,0.4,30,0,1,0,0,0.0,1.0,0.0,0.0,0.0
224,Dean Road,Evening,0.0,0.5217391304347826,23,0,1,0,0,0.0,0.0,1.0,0.0,0.0
225,Dean Road,Late Night,0.0,0.5714285714285714,21,0,1,0,0,0.0,0.0,0.0,1.0,0.0
226,Dean Road,Midday,0.0,0.4583333333333333,24,0,1,0,0,0.0,0.0,0.0,0.0,0.0
227,Dean Road,PM Rush,0.0,0.4583333333333333,24,0,1,0,0,0.0,0.0,0.0,0.0,1.0
228,Downtown Crossing,AM Rush,303.4353973048173,0.7317073170731707,41,0,0,1,1,1.0,0.0,0.0,0.0,0.0
229,Downtown Crossing,Early Morning,58.670460498753506,0.725,40,0,0,1,1,0.0,1.0,0.0,0.0,0.0
230,Downtown Crossing,Evening,707.088760893047,0.6829268292682927,41,0,0,1,1,0.0,0.0,1.0,0.0,0.0
231,Downtown Crossing,Late Night,235.15961198657257,0.7317073170731707,41,0,0,1,1,0.0,0.0,0.0,1.0,0.0
232,Downtown Crossing,Midday,1222.8499698848068,0.6585365853658537,41,0,0,1,1,0.0,0.0,0.0,0.0,0.0
233,Downtown Crossing,PM Rush,2279.0754656862696,0.6341463414634146,41,0,0,1,1,0.0,0.0,0.0,0.0,1.0
234,East Somerville,AM Rush,81.11281379349379,0.24390243902439024,41,0,1,0,0,1.0,0.0,0.0,0.0,0.0
235,East Somerville,Early Morning,18.85084048563555,0.17857142857142858,56,0,1,0,0,0.0,1.0,0.0,0.0,0.0
236,East Somerville,Evening,28.673530700781996,0.36,25,0,1,0,0,0.0,0.0,1.0,0.0,0.0
237,East Somerville,Late Night,29.02924458874459,0.4,25,0,1,0,0,0.0,0.0,0.0,1.0,0.0
238,East Somerville,Midday,80.01304765044563,0.21428571428571427,42,0,1,0,0,0.0,0.0,0.0,0.0,0.0
239,East Somerville,PM Rush,64.04262349142533,0.225,40,0,1,0,0,0.0,0.0,0.0,0.0,1.0
240,Eliot,AM Rush,0.0,0.3076923076923077,26,0,1,0,0,1.0,0.0,0.0,0.0,0.0
241,Eliot,Early Morning,0.0,0.25806451612903225,31,0,1,0,0,0.0,1.0,0.0,0.0,0.0
242,Eliot,Evening,0.0,0.32,25,0,1,0,0,0.0,0.0,1.0,0.0,0.0
243,Eliot,Late Night,0.0,0.36,25,0,1,0,0,0.0,0.0,0.0,1.0,0.0
244,Eliot,Midday,0.0,0.32,25,0,1,0,0,0.0,0.0,0.0,0.0,0.0
245,Eliot,PM Rush,0.0,0.3333333333333333,27,0,1,0,0,0.0,0.0,0.0,0.0,1.0
246,Englewood Avenue,AM Rush,0.0,0.4166666666666667,24,0,1,0,0,1.0,0.0,0.0,0.0,0.0
247,Englewood Avenue,Early Morning,0.0,0.46153846153846156,39,0,1,0,0,0.0,1.0,0.0,0.0,0.0
248,Englewood Avenue,Evening,0.0,0.5862068965517241,29,0,1,0,0,0.0,0.0,1.0,0.0,0.0
249,Englewood Avenue,Late Night,0.0,0.5454545454545454,22,0,1,0,0,0.0,0.0,0.0,1.0,0.0
250,Englewood Avenue,Midday,0.0,0.44,25,0,1,0,0,0.0,0.0,0.0,0.0,0.0
251,Englewood Avenue,PM Rush,0.0,0.4166666666666667,24,0,1,0,0,0.0,0.0,0.0,0.0,1.0
252,Fairbanks Street,AM Rush,0.0,0.5217391304347826,23,0,1,0,0,1.0,0.0,0.0,0.0,0.0
253,Fairbanks Street,Early Morning,0.0,0.43333333333333335,30,0,1,0,0,0.0,1.0,0.0,0.0,0.0
254,Fairbanks Street,Evening,0.0,0.5454545454545454,22,0,1,0,0,0.0,0.0,1.0,0.0,0.0
255,Fairbanks Street,Late Night,0.0,0.6190476190476191,21,0,1,0,0,0.0,0.0,0.0,1.0,0.0
256,Fairbanks Street,Midday,0.0,0.5416666666666666,24,0,1,0,0,0.0,0.0,0.0,0.0,0.0
257,Fairbanks Street,PM Rush,0.0,0.5217391304347826,23,0,1,0,0,0.0,0.0,0.0,0.0,1.0
258,Fenway,AM Rush,0.0,0.4230769230769231,26,0,1,0,0,1.0,0.0,0.0,0.0,0.0
259,Fenway,Early Morning,0.0,0.46153846153846156,26,0,1,0,0,0.0,1.0,0.0,0.0,0.0
260,Fenway,Evening,0.0,0.4230769230769231,26,0,1,0,0,0.0,0.0,1.0,0.0,0.0
261,Fenway,Late Night,0.0,0.44,25,0,1,0,0,0.0,0.0,0.0,1.0,0.0
262,Fenway,Midday,0.0,0.4230769230769231,26,0,1,0,0,0.0,0.0,0.0,0.0,0.0
263,Fenway,PM Rush,0.0,0.4230769230769231,26,0,1,0,0,0.0,0.0,0.0,0.0,1.0
264,Fenwood Road,AM Rush,0.0,0.4230769230769231,26,0,1,0,0,1.0,0.0,0.0,0.0,0.0
265,Fenwood Road,Early Morning,0.0,0.48,25,0,1,0,0,0.0,1.0,0.0,0.0,0.0
266,Fenwood Road,Evening,0.0,0.38461538461538464,26,0,1,0,0,0.0,0.0,1.0,0.0,0.0
267,Fenwood Road,Late Night,0.0,0.52,25,0,1,0,0,0.0,0.0,0.0,1.0,0.0
268,Fenwood Road,Midday,0.0,0.4,25,0,1,0,0,0.0,0.0,0.0,0.0,0.0
269,Fenwood Road,PM Rush,0.0,0.4230769230769231,26,0,1,0,0,0.0,0.0,0.0,0.0,1.0
270,Fields Corner,AM Rush,638.2179807423223,0.4375,16,0,0,0,1,1.0,0.0,0.0,0.0,0.0
271,Fields Corner,Early Morning,271.3448119353165,0.5,16,0,0,0,1,0.0,1.0,0.0,0.0,0.0
272,Fields Corner,Evening,124.31576490537604,0.5,16,0,0,0,1,0.0,0.0,1.0,0.0,0.0
273,Fields Corner,Late Night,53.74470617714899,0.5,16,0,0,0,1,0.0,0.0,0.0,1.0,0.0
274,Fields Corner,Midday,684.1456312784544,0.5,16,0,0,0,1,0.0,0.0,0.0,0.0,0.0
275,Fields Corner,PM Rush,431.0329217510115,0.47058823529411764,17,0,0,0,1,0.0,0.0,0.0,0.0,1.0
276,Forest Hills,AM Rush,2079.3267697008037,0.42105263157894735,19,0,0,1,0,1.0,0.0,0.0,0.0,0.0
277,Forest Hills,Early Morning,758.1457571972755,0.42105263157894735,19,0,0,1,0,0.0,1.0,0.0,0.0,0.0
278,Forest Hills,Evening,342.3783103173977,0.42105263157894735,19,0,0,1,0,0.0,0.0,1.0,0.0,0.0
279,Forest Hills,Late Night,162.4604535283243,0.47368421052631576,19,0,0,1,0,0.0,0.0,0.0,1.0,0.0
280,Forest Hills,Midday,1576.3285476672522,0.42105263157894735,19,0,0,1,0,0.0,0.0,0.0,0.0,0.0
281,Forest Hills,PM Rush,1243.044977681221,0.42105263157894735,19,0,0,1,0,0.0,0.0,0.0,0.0,1.0
282,Gilman Square,AM Rush,292.35616293110104,0.38461538461538464,26,0,1,0,0,1.0,0.0,0.0,0.0,0.0
283,Gilman Square,Early Morning,39.32103323874957,0.14285714285714285,56,0,1,0,0,0.0,1.0,0.0,0.0,0.0
284,Gilman Square,Evening,37.9890558501002,0.36,25,0,1,0,0,0.0,0.0,1.0,0.0,0.0
285,Gilman Square,Late Night,30.276091729386085,0.34615384615384615,26,0,1,0,0,0.0,0.0,0.0,1.0,0.0
286,Gilman Square,Midday,199.89021590724303,0.21951219512195122,41,0,1,0,0,0.0,0.0,0.0,0.0,0.0
287,Gilman Square,PM Rush,126.60053396452608,0.225,40,0,1,0,0,0.0,0.0,0.0,0.0,1.0
288,Government Center,AM Rush,214.659525822452,0.25609756097560976,81,1,1,0,0,1.0,0.0,0.0,0.0,0.0
289,Government Center,Early Morning,50.04970916065785,0.2875,80,1,1,0,0,0.0,1.0,0.0,0.0,0.0
290,Government Center,Evening,510.046119028764,0.25925925925925924,81,1,1,0,0,0.0,0.0,1.0,0.0,0.0
291,Government Center,Late Night,269.4106343325763,0.30864197530864196,81,1,1,0,0,0.0,0.0,0.0,1.0,0.0
292,Government Center,Midday,882.444566857846,0.24691358024691357,81,1,1,0,0,0.0,0.0,0.0,0.0,0.0
293,Government Center,PM Rush,1796.3503830617176,0.24691358024691357,81,1,1,0,0,0.0,0.0,0.0,0.0,1.0
294,Green Street,AM Rush,551.8356470335915,0.47368421052631576,19,0,0,1,0,1.0,0.0,0.0,0.0,0.0
295,Green Street,Early Morning,98.95838577119636,0.5263157894736842,19,0,0,1,0,0.0,1.0,0.0,0.0,0.0
296,Green Street,Evening,103.88874351901904,0.47368421052631576,19,0,0,1,0,0.0,0.0,1.0,0.0,0.0
297,Green Street,Late Night,46.225332139732274,0.55,20,0,0,1,0,0.0,0.0,0.0,1.0,0.0
298,Green Street,Midday,495.89437789018007,0.47368421052631576,19,0,0,1,0,0.0,0.0,0.0,0.0,0.0
299,Green Street,PM Rush,401.67817202005415,0.47368421052631576,19,0,0,1,0,0.0,0.0,0.0,0.0,1.0
300,Griggs Street,AM Rush,0.0,0.56,25,0,1,0,0,1.0,0.0,0.0,0.0,0.0
301,Griggs Street,Early Morning,0.0,0.46875,32,0,1,0,0,0.0,1.0,0.0,0.0,0.0
302,Griggs Street,Evening,0.0,0.5,26,0,1,0,0,0.0,0.0,1.0,0.0,0.0
303,Griggs Street,Late Night,0.0,0.64,25,0,1,0,0,0.0,0.0,0.0,1.0,0.0
304,Griggs Street,Midday,0.0,0.5,28,0,1,0,0,0.0,0.0,0.0,0.0,0.0
305,Griggs Street,PM Rush,0.0,0.5185185185185185,27,0,1,0,0,0.0,0.0,0.0,0.0,1.0
306,Harvard,AM Rush,1383.2768332175197,0.42857142857142855,21,0,0,0,1,1.0,0.0,0.0,0.0,0.0
307,Harvard,Early Morning,234.87610206125456,0.47619047619047616,21,0,0,0,1,0.0,1.0,0.0,0.0,0.0
308,Harvard,Evening,1282.3736533589708,0.42857142857142855,21,0,0,0,1,0.0,0.0,1.0,0.0,0.0
309,Harvard,Late Night,562.3130336654547,0.5,22,0,0,0,1,0.0,0.0,0.0,1.0,0.0
310,Harvard,Midday,2734.390803293879,0.42857142857142855,21,0,0,0,1,0.0,0.0,0.0,0.0,0.0
311,Harvard,PM Rush,3573.8686719769253,0.45454545454545453,22,0,0,0,1,0.0,0.0,0.0,0.0,1.0
312,Harvard Avenue,AM Rush,0.0,0.56,25,0,1,0,0,1.0,0.0,0.0,0.0,0.0
313,Harvard Avenue,Early Morning,0.0,0.4375,32,0,1,0,0,0.0,1.0,0.0,0.0,0.0
314,Harvard Avenue,Evening,0.0,0.48148148148148145,27,0,1,0,0,0.0,0.0,1.0,0.0,0.0
315,Harvard Avenue,Late Night,0.0,0.6666666666666666,24,0,1,0,0,0.0,0.0,0.0,1.0,0.0
316,Harvard Avenue,Midday,0.0,0.5,28,0,1,0,0,0.0,0.0,0.0,0.0,0.0
317,Harvard Avenue,PM Rush,0.0,0.5555555555555556,27,0,1,0,0,0.0,0.0,0.0,0.0,1.0
318,Hawes Street,AM Rush,0.0,0.7083333333333334,24,0,1,0,0,1.0,0.0,0.0,0.0,0.0
319,Hawes Street,Early Morning,0.0,0.5333333333333333,30,0,1,0,0,0.0,1.0,0.0,0.0,0.0
320,Hawes Street,Evening,0.0,0.6363636363636364,22,0,1,0,0,0.0,0.0,1.0,0.0,0.0
321,Hawes Street,Late Night,0.0,0.7272727272727273,22,0,1,0,0,0.0,0.0,0.0,1.0,0.0
322,Hawes Street,Midday,0.0,0.6086956521739131,23,0,1,0,0,0.0,0.0,0.0,0.0,0.0
323,Hawes Street,PM Rush,0.0,0.5652173913043478,23,0,1,0,0,0.0,0.0,0.0,0.0,1.0
324,Haymarket,AM Rush,394.47101743918535,0.47540983606557374,60,0,1,1,0,1.0,0.0,0.0,0.0,0.0
325,Haymarket,Early Morning,169.96387445898992,0.5084745762711864,58,0,1,1,0,0.0,1.0,0.0,0.0,0.0
326,Haymarket,Evening,399.17059912178195,0.33707865168539325,88,0,1,1,0,0.0,0.0,1.0,0.0,0.0
327,Haymarket,Late Night,191.75522092426507,0.42105263157894735,75,0,1,1,0,0.0,0.0,0.0,1.0,0.0
328,Haymarket,Midday,745.4367872521569,0.3815789473684211,75,0,1,1,0,0.0,0.0,0.0,0.0,0.0
329,Haymarket,PM Rush,960.6379846961323,0.4406779661016949,58,0,1,1,0,0.0,0.0,0.0,0.0,1.0
330,Heath Street,AM Rush,0.0,0.28,25,0,1,0,0,1.0,0.0,0.0,0.0,0.0
331,Heath Street,Early Morning,0.0,0.3076923076923077,26,0,1,0,0,0.0,1.0,0.0,0.0,0.0
332,Heath Street,Evening,0.0,0.32,25,0,1,0,0,0.0,0.0,1.0,0.0,0.0
333,Heath Street,Late Night,0.0,0.36,25,0,1,0,0,0.0,0.0,0.0,1.0,0.0
334,Heath Street,Midday,0.0,0.28,25,0,1,0,0,0.0,0.0,0.0,0.0,0.0
335,Heath Street,PM Rush,0.0,0.24,25,0,1,0,0,0.0,0.0,0.0,0.0,1.0
336,Hynes Convention Center,AM Rush,396.69304209293546,0.4727272727272727,55,0,1,0,0,1.0,0.0,0.0,0.0,0.0
337,Hynes Convention Center,Early Morning,56.899796455264145,0.4745762711864407,59,0,1,0,0,0.0,1.0,0.0,0.0,0.0
338,Hynes Convention Center,Evening,942.2574580640188,0.4444444444444444,54,0,1,0,0,0.0,0.0,1.0,0.0,0.0
339,Hynes Convention Center,Late Night,398.1797278198184,0.5,54,0,1,0,0,0.0,0.0,0.0,1.0,0.0
340,Hynes Convention Center,Midday,1171.4009794551134,0.42592592592592593,54,0,1,0,0,0.0,0.0,0.0,0.0,0.0
341,Hynes Convention Center,PM Rush,2062.791303949343,0.4074074074074074,54,0,1,0,0,0.0,0.0,0.0,0.0,1.0
342,JFK/UMass,AM Rush,812.468494913985,0.6363636363636364,22,0,0,0,1,1.0,0.0,0.0,0.0,0.0
343,JFK/UMass,Early Morning,221.48023689459643,0.7142857142857143,21,0,0,0,1,0.0,1.0,0.0,0.0,0.0
344,JFK/UMass,Evening,310.57859489645415,0.7142857142857143,21,0,0,0,1,0.0,0.0,1.0,0.0,0.0
345,JFK/UMass,Late Night,87.25161712673882,0.6818181818181818,22,0,0,0,1,0.0,0.0,0.0,1.0,0.0
346,JFK/UMass,Midday,1217.187596859459,0.6818181818181818,22,0,0,0,1,0.0,0.0,0.0,0.0,0.0
347,JFK/UMass,PM Rush,1303.5281353322644,0.6363636363636364,22,0,0,0,1,0.0,0.0,0.0,0.0,1.0
348,Jackson Square,AM Rush,774.1770563148904,0.631578947368421,19,0,0,1,0,1.0,0.0,0.0,0.0,0.0
349,Jackson Square,Early Morning,235.85315894381705,0.631578947368421,19,0,0,1,0,0.0,1.0,0.0,0.0,0.0
350,Jackson Square,Evening,173.32247588597258,0.631578947368421,19,0,0,1,0,0.0,0.0,1.0,0.0,0.0
351,Jackson Square,Late Night,72.20814414322513,0.6842105263157895,19,0,0,1,0,0.0,0.0,0.0,1.0,0.0
352,Jackson Square,Midday,779.4098243027005,0.65,20,0,0,1,0,0.0,0.0,0.0,0.0,0.0
353,Jackson Square,PM Rush,666.4134783232288,0.5789473684210527,19,0,0,1,0,0.0,0.0,0.0,0.0,1.0
354,Kendall/MIT,AM Rush,586.6826767273694,0.5238095238095238,21,0,0,0,1,1.0,0.0,0.0,0.0,0.0
355,Kendall/MIT,Early Morning,72.9377626606198,0.5238095238095238,21,0,0,0,1,0.0,1.0,0.0,0.0,0.0
356,Kendall/MIT,Evening,901.6528015447611,0.5238095238095238,21,0,0,0,1,0.0,0.0,1.0,0.0,0.0
357,Kendall/MIT,Late Night,274.73616347109424,0.5714285714285714,21,0,0,0,1,0.0,0.0,0.0,1.0,0.0
358,Kendall/MIT,Midday,1725.3974227320027,0.5238095238095238,21,0,0,0,1,0.0,0.0,0.0,0.0,0.0
359,Kendall/MIT,PM Rush,3996.4784415437994,0.47619047619047616,21,0,0,0,1,0.0,0.0,0.0,0.0,1.0
360,Kenmore,AM Rush,427.69830957134695,0.5272727272727272,55,0,1,0,0,1.0,0.0,0.0,0.0,0.0
361,Kenmore,Early Morning,83.70361824096008,0.5517241379310345,58,0,1,0,0,0.0,1.0,0.0,0.0,0.0
362,Kenmore,Evening,736.0446810018149,0.5,54,0,1,0,0,0.0,0.0,1.0,0.0,0.0
363,Kenmore,Late Night,605.1238393953801,0.5555555555555556,54,0,1,0,0,0.0,0.0,0.0,1.0,0.0
364,Kenmore,Midday,902.0198026742362,0.4909090909090909,55,0,1,0,0,0.0,0.0,0.0,0.0,0.0
365,Kenmore,PM Rush,1406.7355683524636,0.46296296296296297,54,0,1,0,0,0.0,0.0,0.0,0.0,1.0
366,Kent Street,AM Rush,0.0,0.6956521739130435,23,0,1,0,0,1.0,0.0,0.0,0.0,0.0
367,Kent Street,Early Morning,0.0,0.5,30,0,1,0,0,0.0,1.0,0.0,0.0,0.0
368,Kent Street,Evening,0.0,0.6363636363636364,22,0,1,0,0,0.0,0.0,1.0,0.0,0.0
369,Kent Street,Late Night,0.0,0.7272727272727273,22,0,1,0,0,0.0,0.0,0.0,1.0,0.0
370,Kent Street,Midday,0.0,0.6521739130434783,23,0,1,0,0,0.0,0.0,0.0,0.0,0.0
371,Kent Street,PM Rush,0.0,0.6086956521739131,23,0,1,0,0,0.0,0.0,0.0,0.0,1.0
372,Lechmere,AM Rush,136.0861603341942,0.2,55,0,1,0,0,1.0,0.0,0.0,0.0,0.0
373,Lechmere,Early Morning,27.35275808851607,0.17142857142857143,70,0,1,0,0,0.0,1.0,0.0,0.0,0.0
374,Lechmere,Evening,47.5741698963964,0.3170731707317073,41,0,1,0,0,0.0,0.0,1.0,0.0,0.0
375,Lechmere,Late Night,40.71740601106676,0.2222222222222222,54,0,1,0,0,0.0,0.0,0.0,1.0,0.0
376,Lechmere,Midday,177.5105595459543,0.17142857142857143,70,0,1,0,0,0.0,0.0,0.0,0.0,0.0
377,Lechmere,PM Rush,228.4340089549748,0.275,40,0,1,0,0,0.0,0.0,0.0,0.0,1.0
378,Longwood,AM Rush,0.0,0.4074074074074074,27,0,1,0,0,1.0,0.0,0.0,0.0,0.0
379,Longwood,Early Morning,0.0,0.3870967741935484,31,0,1,0,0,0.0,1.0,0.0,0.0,0.0
380,Longwood,Evening,0.0,0.4,25,0,1,0,0,0.0,0.0,1.0,0.0,0.0
381,Longwood,Late Night,0.0,0.46153846153846156,26,0,1,0,0,0.0,0.0,0.0,1.0,0.0
382,Longwood,Midday,0.0,0.4074074074074074,27,0,1,0,0,0.0,0.0,0.0,0.0,0.0
383,Longwood,PM Rush,0.0,0.4074074074074074,27,0,1,0,0,0.0,0.0,0.0,0.0,1.0
384,Longwood Medical Area,AM Rush,0.0,0.4444444444444444,27,0,1,0,0,1.0,0.0,0.0,0.0,0.0
385,Longwood Medical Area,Early Morning,0.0,0.5185185185185185,27,0,1,0,0,0.0,1.0,0.0,0.0,0.0
386,Longwood Medical Area,Evening,0.0,0.46153846153846156,26,0,1,0,0,0.0,0.0,1.0,0.0,0.0
387,Longwood Medical Area,Late Night,0.0,0.5416666666666666,24,0,1,0,0,0.0,0.0,0.0,1.0,0.0
388,Longwood Medical Area,Midday,0.0,0.48,25,0,1,0,0,0.0,0.0,0.0,0.0,0.0
389,Longwood Medical Area,PM Rush,0.0,0.5,26,0,1,0,0,0.0,0.0,0.0,0.0,1.0
390,Magoun Square,AM Rush,142.8441248992037,0.34615384615384615,26,0,1,0,0,1.0,0.0,0.0,0.0,0.0
391,Magoun Square,Early Morning,28.56891310502843,0.14285714285714285,56,0,1,0,0,0.0,1.0,0.0,0.0,0.0
392,Magoun Square,Evening,29.684326944968088,0.28,25,0,1,0,0,0.0,0.0,1.0,0.0,0.0
393,Magoun Square,Late Night,29.80543015406797,0.38461538461538464,26,0,1,0,0,0.0,0.0,0.0,1.0,0.0
394,Magoun Square,Midday,107.37940863609552,0.1951219512195122,41,0,1,0,0,0.0,0.0,0.0,0.0,0.0
395,Magoun Square,PM Rush,71.9883137284347,0.2,40,0,1,0,0,0.0,0.0,0.0,0.0,1.0
396,Malden Center,AM Rush,1913.083155272876,0.42105263157894735,19,0,0,1,0,1.0,0.0,0.0,0.0,0.0
397,Malden Center,Early Morning,661.2896682811427,0.42105263157894735,19,0,0,1,0,0.0,1.0,0.0,0.0,0.0
398,Malden Center,Evening,246.16389650027102,0.47368421052631576,19,0,0,1,0,0.0,0.0,1.0,0.0,0.0
399,Malden Center,Late Night,99.10003224557182,0.45,20,0,0,1,0,0.0,0.0,0.0,1.0,0.0
400,Malden Center,Midday,1479.4191626652764,0.45,20,0,0,1,0,0.0,0.0,0.0,0.0,0.0
401,Malden Center,PM Rush,894.7709846866974,0.42105263157894735,19,0,0,1,0,0.0,0.0,0.0,0.0,1.0
402,Maverick,AM Rush,1987.6744733234975,1.0,11,1,0,0,0,1.0,0.0,0.0,0.0,0.0
403,Maverick,Early Morning,836.0334992954613,1.0,11,1,0,0,0,0.0,1.0,0.0,0.0,0.0
404,Maverick,Evening,486.54463678466595,1.0,11,1,0,0,0,0.0,0.0,1.0,0.0,0.0
405,Maverick,Late Night,247.08399812530402,0.9166666666666666,12,1,0,0,0,0.0,0.0,0.0,1.0,0.0
406,Maverick,Midday,2029.1205339291032,0.9090909090909091,11,1,0,0,0,0.0,0.0,0.0,0.0,0.0
407,Maverick,PM Rush,1759.4334066778245,0.9090909090909091,11,1,0,0,0,0.0,0.0,0.0,0.0,1.0
408,Medford/Tufts,AM Rush,215.74208573239983,0.12195121951219512,41,0,1,0,0,1.0,0.0,0.0,0.0,0.0
409,Medford/Tufts,Early Morning,37.91902697189881,0.16417910447761194,67,0,1,0,0,0.0,1.0,0.0,0.0,0.0
410,Medford/Tufts,Evening,38.59637875402258,0.2,25,0,1,0,0,0.0,0.0,1.0,0.0,0.0
411,Medford/Tufts,Late Night,33.498960023324955,0.2692307692307692,26,0,1,0,0,0.0,0.0,0.0,1.0,0.0
412,Medford/Tufts,Midday,182.99271289172896,0.075,40,0,1,0,0,0.0,0.0,0.0,0.0,0.0
413,Medford/Tufts,PM Rush,156.17457539083682,0.075,40,0,1,0,0,0.0,0.0,0.0,0.0,1.0
414,Mission Park,AM Rush,0.0,0.38461538461538464,26,0,1,0,0,1.0,0.0,0.0,0.0,0.0
415,Mission Park,Early Morning,0.0,0.44,25,0,1,0,0,0.0,1.0,0.0,0.0,0.0
416,Mission Park,Evening,0.0,0.38461538461538464,26,0,1,0,0,0.0,0.0,1.0,0.0,0.0
417,Mission Park,Late Night,0.0,0.4583333333333333,24,0,1,0,0,0.0,0.0,0.0,1.0,0.0
418,Mission Park,Midday,0.0,0.36,25,0,1,0,0,0.0,0.0,0.0,0.0,0.0
419,Mission Park,PM Rush,0.0,0.36,25,0,1,0,0,0.0,0.0,0.0,0.0,1.0
420,Newton Centre,AM Rush,0.0,0.4074074074074074,27,0,1,0,0,1.0,0.0,0.0,0.0,0.0
421,Newton Centre,Early Morning,0.0,0.3125,32,0,1,0,0,0.0,1.0,0.0,0.0,0.0
422,Newton Centre,Evening,0.0,0.4,25,0,1,0,0,0.0,0.0,1.0,0.0,0.0
423,Newton Centre,Late Night,0.0,0.4166666666666667,24,0,1,0,0,0.0,0.0,0.0,1.0,0.0
424,Newton Centre,Midday,0.0,0.38461538461538464,26,0,1,0,0,0.0,0.0,0.0,0.0,0.0
425,Newton Centre,PM Rush,0.0,0.38461538461538464,26,0,1,0,0,0.0,0.0,0.0,0.0,1.0
426,Newton Highlands,AM Rush,0.0,0.34615384615384615,26,0,1,0,0,1.0,0.0,0.0,0.0,0.0
427,Newton Highlands,Early Morning,0.0,0.2903225806451613,31,0,1,0,0,0.0,1.0,0.0,0.0,0.0
428,Newton Highlands,Evening,0.0,0.38461538461538464,26,0,1,0,0,0.0,0.0,1.0,0.0,0.0
429,Newton Highlands,Late Night,0.0,0.44,25,0,1,0,0,0.0,0.0,0.0,1.0,0.0
430,Newton Highlands,Midday,0.0,0.38461538461538464,26,0,1,0,0,0.0,0.0,0.0,0.0,0.0
431,Newton Highlands,PM Rush,0.0,0.37037037037037035,27,0,1,0,0,0.0,0.0,0.0,0.0,1.0
432,North Quincy,AM Rush,911.9211005688884,0.4117647058823529,17,0,0,0,1,1.0,0.0,0.0,0.0,0.0
433,North Quincy,Early Morning,308.10211994056,0.47058823529411764,17,0,0,0,1,0.0,1.0,0.0,0.0,0.0
434,North Quincy,Evening,132.8130568965136,0.47058823529411764,17,0,0,0,1,0.0,0.0,1.0,0.0,0.0
435,North Quincy,Late Night,69.86706761507551,0.47058823529411764,17,0,0,0,1,0.0,0.0,0.0,1.0,0.0
436,North Quincy,Midday,674.2340974573606,0.4444444444444444,18,0,0,0,1,0.0,0.0,0.0,0.0,0.0
437,North Quincy,PM Rush,521.6130418351643,0.4444444444444444,18,0,0,0,1,0.0,0.0,0.0,0.0,1.0
438,North Station,AM Rush,942.1745101038437,0.28888888888888886,88,0,1,1,0,1.0,0.0,0.0,0.0,0.0
439,North Station,Early Morning,202.45435032875199,0.33707865168539325,88,0,1,1,0,0.0,1.0,0.0,0.0,0.0
440,North Station,Evening,668.1657298530049,0.3815789473684211,75,0,1,1,0,0.0,0.0,1.0,0.0,0.0
441,North Station,Late Night,472.1866187104822,0.410958904109589,72,0,1,1,0,0.0,0.0,0.0,1.0,0.0
442,North Station,Midday,936.2874037746979,0.30337078651685395,88,0,1,1,0,0.0,0.0,0.0,0.0,0.0
443,North Station,PM Rush,1499.295748507593,0.3,88,0,1,1,0,0.0,0.0,0.0,0.0,1.0
444,Oak Grove,AM Rush,1392.122138058974,0.3684210526315789,19,0,0,1,0,1.0,0.0,0.0,0.0,0.0
445,Oak Grove,Early Morning,431.3126984435238,0.3684210526315789,19,0,0,1,0,0.0,1.0,0.0,0.0,0.0
446,Oak Grove,Evening,114.48335972079352,0.3684210526315789,19,0,0,1,0,0.0,0.0,1.0,0.0,0.0
447,Oak Grove,Late Night,53.705996614773134,0.3684210526315789,19,0,0,1,0,0.0,0.0,0.0,1.0,0.0
448,Oak Grove,Midday,661.0010201996608,0.3684210526315789,19,0,0,1,0,0.0,0.0,0.0,0.0,0.0
449,Oak Grove,PM Rush,495.9871525580158,0.3684210526315789,19,0,0,1,0,0.0,0.0,0.0,0.0,1.0
450,Orient Heights,AM Rush,917.1978752673537,1.0,12,1,0,0,0,1.0,0.0,0.0,0.0,0.0
451,Orient Heights,Early Morning,440.7091464844141,0.9090909090909091,11,1,0,0,0,0.0,1.0,0.0,0.0,0.0
452,Orient Heights,Evening,175.29776028807248,1.0,12,1,0,0,0,0.0,0.0,1.0,0.0,0.0
453,Orient Heights,Late Night,121.51692759931736,1.0,11,1,0,0,0,0.0,0.0,0.0,1.0,0.0
454,Orient Heights,Midday,823.4874278610381,1.0,12,1,0,0,0,0.0,0.0,0.0,0.0,0.0
455,Orient Heights,PM Rush,592.820866533895,0.9166666666666666,12,1,0,0,0,0.0,0.0,0.0,0.0,1.0
456,Park Street,AM Rush,302.81862069170404,0.31868131868131866,91,0,1,0,1,1.0,0.0,0.0,0.0,0.0
457,Park Street,Early Morning,59.481492226703956,0.35555555555555557,90,0,1,0,1,0.0,1.0,0.0,0.0,0.0
458,Park Street,Evening,683.3065188831958,0.3076923076923077,91,0,1,0,1,0.0,0.0,1.0,0.0,0.0
459,Park Street,Late Night,309.860643056976,0.33695652173913043,91,0,1,0,1,0.0,0.0,0.0,1.0,0.0
460,Park Street,Midday,1104.8856718401933,0.3076923076923077,91,0,1,0,1,0.0,0.0,0.0,0.0,0.0
461,Park Street,PM Rush,1915.7467083885365,0.2967032967032967,91,0,1,0,1,0.0,0.0,0.0,0.0,1.0
462,Porter,AM Rush,1210.3776666142517,0.38095238095238093,21,0,0,0,1,1.0,0.0,0.0,0.0,0.0
463,Porter,Early Morning,157.5540406757765,0.38095238095238093,21,0,0,0,1,0.0,1.0,0.0,0.0,0.0
464,Porter,Evening,388.27902536917605,0.38095238095238093,21,0,0,0,1,0.0,0.0,1.0,0.0,0.0
465,Porter,Late Night,131.4442606847694,0.38095238095238093,21,0,0,0,1,0.0,0.0,0.0,1.0,0.0
466,Porter,Midday,1013.7744221243807,0.38095238095238093,21,0,0,0,1,0.0,0.0,0.0,0.0,0.0
467,Porter,PM Rush,880.0842703648176,0.3333333333333333,21,0,0,0,1,0.0,0.0,0.0,0.0,1.0
468,Prudential,AM Rush,208.46232914989395,0.48148148148148145,27,0,1,0,0,1.0,0.0,0.0,0.0,0.0
469,Prudential,Early Morning,28.069566892791638,0.5384615384615384,26,0,1,0,0,0.0,1.0,0.0,0.0,0.0
470,Prudential,Evening,374.9485880677397,0.5,26,0,1,0,0,0.0,0.0,1.0,0.0,0.0
471,Prudential,Late Night,147.86107590762452,0.5833333333333334,24,0,1,0,0,0.0,0.0,0.0,1.0,0.0
472,Prudential,Midday,555.4824011139981,0.52,25,0,1,0,0,0.0,0.0,0.0,0.0,0.0
473,Prudential,PM Rush,852.1854289754853,0.52,25,0,1,0,0,0.0,0.0,0.0,0.0,1.0
474,Quincy Adams,AM Rush,473.3683481097726,0.23529411764705882,17,0,0,0,1,1.0,0.0,0.0,0.0,0.0
475,Quincy Adams,Early Morning,239.904143393369,0.2222222222222222,18,0,0,0,1,0.0,1.0,0.0,0.0,0.0
476,Quincy Adams,Evening,69.1775969454136,0.2777777777777778,18,0,0,0,1,0.0,0.0,1.0,0.0,0.0
477,Quincy Adams,Late Night,36.65232105219795,0.2777777777777778,18,0,0,0,1,0.0,0.0,0.0,1.0,0.0
478,Quincy Adams,Midday,311.1918733605491,0.2777777777777778,18,0,0,0,1,0.0,0.0,0.0,0.0,0.0
479,Quincy Adams,PM Rush,259.2750575382662,0.2777777777777778,18,0,0,0,1,0.0,0.0,0.0,0.0,1.0
480,Quincy Center,AM Rush,961.3190660658804,0.29411764705882354,17,0,0,0,1,1.0,0.0,0.0,0.0,0.0
481,Quincy Center,Early Morning,351.1080006942501,0.29411764705882354,17,0,0,0,1,0.0,1.0,0.0,0.0,0.0
482,Quincy Center,Evening,214.09650464873104,0.29411764705882354,17,0,0,0,1,0.0,0.0,1.0,0.0,0.0
483,Quincy Center,Late Night,110.05669865438284,0.35294117647058826,17,0,0,0,1,0.0,0.0,0.0,1.0,0.0
484,Quincy Center,Midday,758.6283653805201,0.29411764705882354,17,0,0,0,1,0.0,0.0,0.0,0.0,0.0
485,Quincy Center,PM Rush,525.3837929275898,0.2777777777777778,18,0,0,0,1,0.0,0.0,0.0,0.0,1.0
486,Reservoir,AM Rush,0.0,0.48148148148148145,27,0,1,0,0,1.0,0.0,0.0,0.0,0.0
487,Reservoir,Early Morning,0.0,0.375,32,0,1,0,0,0.0,1.0,0.0,0.0,0.0
488,Reservoir,Evening,0.0,0.5,26,0,1,0,0,0.0,0.0,1.0,0.0,0.0
489,Reservoir,Late Night,0.0,0.52,25,0,1,0,0,0.0,0.0,0.0,1.0,0.0
490,Reservoir,Midday,0.0,0.48148148148148145,27,0,1,0,0,0.0,0.0,0.0,0.0,0.0
491,Reservoir,PM Rush,0.0,0.4074074074074074,27,0,1,0,0,0.0,0.0,0.0,0.0,1.0
492,Revere Beach,AM Rush,587.5923778351273,0.7272727272727273,11,1,0,0,0,1.0,0.0,0.0,0.0,0.0
493,Revere Beach,Early Morning,358.0395305803926,0.6363636363636364,11,1,0,0,0,0.0,1.0,0.0,0.0,0.0
494,Revere Beach,Evening,116.73459519567679,0.7272727272727273,11,1,0,0,0,0.0,0.0,1.0,0.0,0.0
495,Revere Beach,Late Night,63.067582830423106,0.7272727272727273,11,1,0,0,0,0.0,0.0,0.0,1.0,0.0
496,Revere Beach,Midday,629.6691996700504,0.6363636363636364,11,1,0,0,0,0.0,0.0,0.0,0.0,0.0
497,Revere Beach,PM Rush,436.12872005628395,0.6666666666666666,12,1,0,0,0,0.0,0.0,0.0,0.0,1.0
498,Riverside,AM Rush,201.89883982195985,0.3783783783783784,37,0,1,0,0,1.0,0.0,0.0,0.0,0.0
499,Riverside,Early Morning,70.50763054476747,0.45714285714285713,35,0,1,0,0,0.0,1.0,0.0,0.0,0.0
500,Riverside,Evening,48.39891358400415,0.23076923076923078,26,0,1,0,0,0.0,0.0,1.0,0.0,0.0
501,Riverside,Late Night,37.95878678445756,0.24,25,0,1,0,0,0.0,0.0,0.0,1.0,0.0
502,Riverside,Midday,272.5972644127744,0.2222222222222222,27,0,1,0,0,0.0,0.0,0.0,0.0,0.0
503,Riverside,PM Rush,243.93960663457705,0.2222222222222222,27,0,1,0,0,0.0,0.0,0.0,0.0,1.0
504,Riverway,AM Rush,0.0,0.34615384615384615,26,0,1,0,0,1.0,0.0,0.0,0.0,0.0
505,Riverway,Early Morning,0.0,0.38461538461538464,26,0,1,0,0,0.0,1.0,0.0,0.0,0.0
506,Riverway,Evening,0.0,0.36,25,0,1,0,0,0.0,0.0,1.0,0.0,0.0
507,Riverway,Late Night,0.0,0.44,25,0,1,0,0,0.0,0.0,0.0,1.0,0.0
508,Riverway,Midday,0.0,0.32,25,0,1,0,0,0.0,0.0,0.0,0.0,0.0
509,Riverway,PM Rush,0.0,0.32,25,0,1,0,0,0.0,0.0,0.0,0.0,1.0
510,Roxbury Crossing,AM Rush,536.5131272542077,0.7,20,0,0,1,0,1.0,0.0,0.0,0.0,0.0
511,Roxbury Crossing,Early Morning,98.78375514904909,0.6842105263157895,19,0,0,1,0,0.0,1.0,0.0,0.0,0.0
512,Roxbury Crossing,Evening,250.6243015681846,0.6842105263157895,19,0,0,1,0,0.0,0.0,1.0,0.0,0.0
513,Roxbury Crossing,Late Night,110.85793198965214,0.7,20,0,0,1,0,0.0,0.0,0.0,1.0,0.0
514,Roxbury Crossing,Midday,890.5520568516163,0.6842105263157895,19,0,0,1,0,0.0,0.0,0.0,0.0,0.0
515,Roxbury Crossing,PM Rush,807.9204709368757,0.6842105263157895,19,0,0,1,0,0.0,0.0,0.0,0.0,1.0
516,Ruggles,AM Rush,650.4233388062664,0.7368421052631579,19,0,0,1,0,1.0,0.0,0.0,0.0,0.0
517,Ruggles,Early Morning,194.70982280835975,0.7368421052631579,19,0,0,1,0,0.0,1.0,0.0,0.0,0.0
518,Ruggles,Evening,612.0282109069605,0.7368421052631579,19,0,0,1,0,0.0,0.0,1.0,0.0,0.0
519,Ruggles,Late Night,210.45584168172144,0.7368421052631579,19,0,0,1,0,0.0,0.0,0.0,1.0,0.0
520,Ruggles,Midday,1312.4413853464798,0.7368421052631579,19,0,0,1,0,0.0,0.0,0.0,0.0,0.0
521,Ruggles,PM Rush,2167.7159933416297,0.6842105263157895,19,0,0,1,0,0.0,0.0,0.0,0.0,1.0
522,Saint Paul Street,AM Rush,0.0,0.6521739130434783,23,0,1,0,0,1.0,0.0,0.0,0.0,0.0
523,Saint Paul Street,Early Morning,0.0,0.5,30,0,1,0,0,0.0,1.0,0.0,0.0,0.0
524,Saint Paul Street,Evening,0.0,0.6363636363636364,22,0,1,0,0,0.0,0.0,1.0,0.0,0.0
525,Saint Paul Street,Late Night,0.0,0.7272727272727273,22,0,1,0,0,0.0,0.0,0.0,1.0,0.0
526,Saint Paul Street,Midday,0.0,0.6086956521739131,23,0,1,0,0,0.0,0.0,0.0,0.0,0.0
527,Saint Paul Street,PM Rush,0.0,0.6086956521739131,23,0,1,0,0,0.0,0.0,0.0,0.0,1.0
528,Savin Hill,AM Rush,381.9245661234067,0.5625,16,0,0,0,1,1.0,0.0,0.0,0.0,0.0
529,Savin Hill,Early Morning,111.41592050301522,0.625,16,0,0,0,1,0.0,1.0,0.0,0.0,0.0
530,Savin Hill,Evening,57.43913680594584,0.625,16,0,0,0,1,0.0,0.0,1.0,0.0,0.0
531,Savin Hill,Late Night,34.02915993432665,0.625,16,0,0,0,1,0.0,0.0,0.0,1.0,0.0
532,Savin Hill,Midday,309.0961546486359,0.625,16,0,0,0,1,0.0,0.0,0.0,0.0,0.0
533,Savin Hill,PM Rush,238.29936505546257,0.5882352941176471,17,0,0,0,1,0.0,0.0,0.0,0.0,1.0
534,Science Park/West End,AM Rush,0.0,0.23636363636363636,55,0,1,0,0,1.0,0.0,0.0,0.0,0.0
535,Science Park/West End,Early Morning,0.0,0.18571428571428572,70,0,1,0,0,0.0,1.0,0.0,0.0,0.0
536,Science Park/West End,Evening,0.0,0.35714285714285715,42,0,1,0,0,0.0,0.0,1.0,0.0,0.0
537,Science Park/West End,Late Night,0.0,0.25925925925925924,54,0,1,0,0,0.0,0.0,0.0,1.0,0.0
538,Science Park/West End,Midday,0.0,0.18571428571428572,70,0,1,0,0,0.0,0.0,0.0,0.0,0.0
539,Science Park/West End,PM Rush,0.0,0.2826086956521739,46,0,1,0,0,0.0,0.0,0.0,0.0,1.0
540,Shawmut,AM Rush,345.0303839840236,0.4375,16,0,0,0,1,1.0,0.0,0.0,0.0,0.0
541,Shawmut,Early Morning,148.01690179970367,0.4375,16,0,0,0,1,0.0,1.0,0.0,0.0,0.0
542,Shawmut,Evening,43.46248178435432,0.4375,16,0,0,0,1,0.0,0.0,1.0,0.0,0.0
543,Shawmut,Late Night,29.76623409738148,0.5,16,0,0,0,1,0.0,0.0,0.0,1.0,0.0
544,Shawmut,Midday,275.18127620600586,0.4375,16,0,0,0,1,0.0,0.0,0.0,0.0,0.0
545,Shawmut,PM Rush,169.32807086383983,0.4375,16,0,0,0,1,0.0,0.0,0.0,0.0,1.0
546,South Station,AM Rush,1308.586949559205,0.5714285714285714,21,0,0,0,1,1.0,0.0,0.0,0.0,0.0
547,South Station,Early Morning,382.4027163904236,0.5714285714285714,21,0,0,0,1,0.0,1.0,0.0,0.0,0.0
548,South Station,Evening,781.205075305629,0.5714285714285714,21,0,0,0,1,0.0,0.0,1.0,0.0,0.0
549,South Station,Late Night,332.4743241244752,0.5909090909090909,22,0,0,0,1,0.0,0.0,0.0,1.0,0.0
550,South Station,Midday,1605.0618924155146,0.5714285714285714,21,0,0,0,1,0.0,0.0,0.0,0.0,0.0
551,South Station,PM Rush,2905.0154705291934,0.5,22,0,0,0,1,0.0,0.0,0.0,0.0,1.0
552,South Street,AM Rush,0.0,0.36,25,0,1,0,0,1.0,0.0,0.0,0.0,0.0
553,South Street,Early Morning,0.0,0.2727272727272727,33,0,1,0,0,0.0,1.0,0.0,0.0,0.0
554,South Street,Evening,0.0,0.34615384615384615,26,0,1,0,0,0.0,0.0,1.0,0.0,0.0
555,South Street,Late Night,0.0,0.36,25,0,1,0,0,0.0,0.0,0.0,1.0,0.0
556,South Street,Midday,0.0,0.32142857142857145,28,0,1,0,0,0.0,0.0,0.0,0.0,0.0
557,South Street,PM Rush,0.0,0.38461538461538464,26,0,1,0,0,0.0,0.0,0.0,0.0,1.0
558,State,AM Rush,0.0,0.8387096774193549,31,1,0,1,0,1.0,0.0,0.0,0.0,0.0
559,State,Early Morning,0.0,0.8333333333333334,30,1,0,1,0,0.0,1.0,0.0,0.0,0.0
560,State,Evening,0.0,0.8333333333333334,30,1,0,1,0,0.0,0.0,1.0,0.0,0.0
561,State,Late Night,0.0,0.8333333333333334,30,1,0,1,0,0.0,0.0,0.0,1.0,0.0
562,State,Midday,0.0,0.7666666666666667,30,1,0,1,0,0.0,0.0,0.0,0.0,0.0
563,State,PM Rush,0.0,0.7666666666666667,30,1,0,1,0,0.0,0.0,0.0,0.0,1.0
564,Stony Brook,AM Rush,594.8524651458805,0.5789473684210527,19,0,0,1,0,1.0,0.0,0.0,0.0,0.0
565,Stony Brook,Early Morning,120.53986821375128,0.5789473684210527,19,0,0,1,0,0.0,1.0,0.0,0.0,0.0
566,Stony Brook,Evening,113.01272510321266,0.5789473684210527,19,0,0,1,0,0.0,0.0,1.0,0.0,0.0
567,Stony Brook,Late Night,45.948303747231414,0.631578947368421,19,0,0,1,0,0.0,0.0,0.0,1.0,0.0
568,Stony Brook,Midday,471.88013971568927,0.5789473684210527,19,0,0,1,0,0.0,0.0,0.0,0.0,0.0
569,Stony Brook,PM Rush,412.95635583339765,0.5263157894736842,19,0,0,1,0,0.0,0.0,0.0,0.0,1.0
570,Suffolk Downs,AM Rush,145.46502116316572,0.9090909090909091,11,1,0,0,0,1.0,0.0,0.0,0.0,0.0
571,Suffolk Downs,Early Morning,111.83610652812726,0.9090909090909091,11,1,0,0,0,0.0,1.0,0.0,0.0,0.0
572,Suffolk Downs,Evening,22.366893838013084,0.9090909090909091,11,1,0,0,0,0.0,0.0,1.0,0.0,0.0
573,Suffolk Downs,Late Night,25.9986021409844,0.9166666666666666,12,1,0,0,0,0.0,0.0,0.0,1.0,0.0
574,Suffolk Downs,Midday,115.54605176402104,0.8181818181818182,11,1,0,0,0,0.0,0.0,0.0,0.0,0.0
575,Suffolk Downs,PM Rush,89.25865029728446,0.9090909090909091,11,1,0,0,0,0.0,0.0,0.0,0.0,1.0
576,Sullivan Square,AM Rush,945.590838575302,0.631578947368421,19,0,0,1,0,1.0,0.0,0.0,0.0,0.0
577,Sullivan Square,Early Morning,379.8314679416704,0.6842105263157895,19,0,0,1,0,0.0,1.0,0.0,0.0,0.0
578,Sullivan Square,Evening,277.49128968574746,0.6842105263157895,19,0,0,1,0,0.0,0.0,1.0,0.0,0.0
579,Sullivan Square,Late Night,153.95130034077158,0.6842105263157895,19,0,0,1,0,0.0,0.0,0.0,1.0,0.0
580,Sullivan Square,Midday,978.1614973997122,0.631578947368421,19,0,0,1,0,0.0,0.0,0.0,0.0,0.0
581,Sullivan Square,PM Rush,995.9025869530333,0.631578947368421,19,0,0,1,0,0.0,0.0,0.0,0.0,1.0
582,Summit Avenue,AM Rush,0.0,0.5416666666666666,24,0,1,0,0,1.0,0.0,0.0,0.0,0.0
583,Summit Avenue,Early Morning,0.0,0.4666666666666667,30,0,1,0,0,0.0,1.0,0.0,0.0,0.0
584,Summit Avenue,Evening,0.0,0.6086956521739131,23,0,1,0,0,0.0,0.0,1.0,0.0,0.0
585,Summit Avenue,Late Night,0.0,0.6666666666666666,21,0,1,0,0,0.0,0.0,0.0,1.0,0.0
586,Summit Avenue,Midday,0.0,0.5416666666666666,24,0,1,0,0,0.0,0.0,0.0,0.0,0.0
587,Summit Avenue,PM Rush,0.0,0.5,24,0,1,0,0,0.0,0.0,0.0,0.0,1.0
588,Sutherland Road,AM Rush,0.0,0.44,25,0,1,0,0,1.0,0.0,0.0,0.0,0.0
589,Sutherland Road,Early Morning,0.0,0.30303030303030304,33,0,1,0,0,0.0,1.0,0.0,0.0,0.0
590,Sutherland Road,Evening,0.0,0.38461538461538464,26,0,1,0,0,0.0,0.0,1.0,0.0,0.0
591,Sutherland Road,Late Night,0.0,0.4583333333333333,24,0,1,0,0,0.0,0.0,0.0,1.0,0.0
592,Sutherland Road,Midday,0.0,0.35714285714285715,28,0,1,0,0,0.0,0.0,0.0,0.0,0.0
593,Sutherland Road,PM Rush,0.0,0.39285714285714285,28,0,1,0,0,0.0,0.0,0.0,0.0,1.0
594,Symphony,AM Rush,149.63624069829237,0.4444444444444444,27,0,1,0,0,1.0,0.0,0.0,0.0,0.0
595,Symphony,Early Morning,25.39097060892612,0.5769230769230769,26,0,1,0,0,0.0,1.0,0.0,0.0,0.0
596,Symphony,Evening,158.9560850907078,0.46153846153846156,26,0,1,0,0,0.0,0.0,1.0,0.0,0.0
597,Symphony,Late Night,87.09436263519119,0.64,25,0,1,0,0,0.0,0.0,0.0,1.0,0.0
598,Symphony,Midday,265.29786565433875,0.52,25,0,1,0,0,0.0,0.0,0.0,0.0,0.0
599,Symphony,PM Rush,302.3798257968448,0.5,26,0,1,0,0,0.0,0.0,0.0,0.0,1.0
600,Tappan Street,AM Rush,0.0,0.5416666666666666,24,0,1,0,0,1.0,0.0,0.0,0.0,0.0
601,Tappan Street,Early Morning,0.0,0.4,30,0,1,0,0,0.0,1.0,0.0,0.0,0.0
602,Tappan Street,Evening,0.0,0.5217391304347826,23,0,1,0,0,0.0,0.0,1.0,0.0,0.0
603,Tappan Street,Late Night,0.0,0.5909090909090909,22,0,1,0,0,0.0,0.0,0.0,1.0,0.0
604,Tappan Street,Midday,0.0,0.5,24,0,1,0,0,0.0,0.0,0.0,0.0,0.0
605,Tappan Street,PM Rush,0.0,0.5,24,0,1,0,0,0.0,0.0,0.0,0.0,1.0
606,Tufts Medical Center,AM Rush,416.4063014790368,0.8421052631578947,19,0,0,1,0,1.0,0.0,0.0,0.0,0.0
607,Tufts Medical Center,Early Morning,71.664956146453,0.8947368421052632,19,0,0,1,0,0.0,1.0,0.0,0.0,0.0
608,Tufts Medical Center,Evening,415.52344604365817,0.8421052631578947,19,0,0,1,0,0.0,0.0,1.0,0.0,0.0
609,Tufts Medical Center,Late Night,201.97076590290604,0.8947368421052632,19,0,0,1,0,0.0,0.0,0.0,1.0,0.0
610,Tufts Medical Center,Midday,898.7896215343266,0.7894736842105263,19,0,0,1,0,0.0,0.0,0.0,0.0,0.0
611,Tufts Medical Center,PM Rush,1439.318317368835,0.7894736842105263,19,0,0,1,0,0.0,0.0,0.0,0.0,1.0
612,Waban,AM Rush,0.0,0.2692307692307692,26,0,1,0,0,1.0,0.0,0.0,0.0,0.0
613,Waban,Early Morning,0.0,0.22580645161290322,31,0,1,0,0,0.0,1.0,0.0,0.0,0.0
614,Waban,Evening,0.0,0.2692307692307692,26,0,1,0,0,0.0,0.0,1.0,0.0,0.0
615,Waban,Late Night,0.0,0.2916666666666667,24,0,1,0,0,0.0,0.0,0.0,1.0,0.0
616,Waban,Midday,0.0,0.3076923076923077,26,0,1,0,0,0.0,0.0,0.0,0.0,0.0
617,Waban,PM Rush,0.0,0.2692307692307692,26,0,1,0,0,0.0,0.0,0.0,0.0,1.0
618,Warren Street,AM Rush,0.0,0.56,25,0,1,0,0,1.0,0.0,0.0,0.0,0.0
619,Warren Street,Early Morning,0.0,0.40625,32,0,1,0,0,0.0,1.0,0.0,0.0,0.0
620,Warren Street,Evening,0.0,0.5,26,0,1,0,0,0.0,0.0,1.0,0.0,0.0
621,Warren Street,Late Night,0.0,0.6,25,0,1,0,0,0.0,0.0,0.0,1.0,0.0
622,Warren Street,Midday,0.0,0.4642857142857143,28,0,1,0,0,0.0,0.0,0.0,0.0,0.0
623,Warren Street,PM Rush,0.0,0.4444444444444444,27,0,1,0,0,0.0,0.0,0.0,0.0,1.0
624,Washington Square,AM Rush,0.0,0.5217391304347826,23,0,1,0,0,1.0,0.0,0.0,0.0,0.0
625,Washington Square,Early Morning,0.0,0.43333333333333335,30,0,1,0,0,0.0,1.0,0.0,0.0,0.0
626,Washington Square,Evening,0.0,0.5217391304347826,23,0,1,0,0,0.0,0.0,1.0,0.0,0.0
627,Washington Square,Late Night,0.0,0.6190476190476191,21,0,1,0,0,0.0,0.0,0.0,1.0,0.0
628,Washington Square,Midday,0.0,0.5,24,0,1,0,0,0.0,0.0,0.0,0.0,0.0
629,Washington Square,PM Rush,0.0,0.5,24,0,1,0,0,0.0,0.0,0.0,0.0,1.0
630,Washington Street,AM Rush,0.0,0.52,25,0,1,0,0,1.0,0.0,0.0,0.0,0.0
631,Washington Street,Early Morning,0.0,0.3333333333333333,33,0,1,0,0,0.0,1.0,0.0,0.0,0.0
632,Washington Street,Evening,0.0,0.4444444444444444,27,0,1,0,0,0.0,0.0,1.0,0.0,0.0
633,Washington Street,Late Night,0.0,0.5416666666666666,24,0,1,0,0,0.0,0.0,0.0,1.0,0.0
634,Washington Street,Midday,0.0,0.39285714285714285,28,0,1,0,0,0.0,0.0,0.0,0.0,0.0
635,Washington Street,PM Rush,0.0,0.4074074074074074,27,0,1,0,0,0.0,0.0,0.0,0.0,1.0
636,Wellington,AM Rush,1274.9479148813257,0.5789473684210527,19,0,0,1,0,1.0,0.0,0.0,0.0,0.0
637,Wellington,Early Morning,421.00137829065386,0.5789473684210527,19,0,0,1,0,0.0,1.0,0.0,0.0,0.0
638,Wellington,Evening,183.45511508545815,0.5789473684210527,19,0,0,1,0,0.0,0.0,1.0,0.0,0.0
639,Wellington,Late Night,85.69292888580834,0.5789473684210527,19,0,0,1,0,0.0,0.0,0.0,1.0,0.0
640,Wellington,Midday,843.8532436254612,0.55,20,0,0,1,0,0.0,0.0,0.0,0.0,0.0
641,Wellington,PM Rush,720.0322141575427,0.5789473684210527,19,0,0,1,0,0.0,0.0,0.0,0.0,1.0
642,Wollaston,AM Rush,620.5270822476269,0.4117647058823529,17,0,0,0,1,1.0,0.0,0.0,0.0,0.0
643,Wollaston,Early Morning,270.2305364366127,0.4117647058823529,17,0,0,0,1,0.0,1.0,0.0,0.0,0.0
644,Wollaston,Evening,60.69414847926517,0.4117647058823529,17,0,0,0,1,0.0,0.0,1.0,0.0,0.0
645,Wollaston,Late Night,62.937624200277874,0.3888888888888889,18,0,0,0,1,0.0,0.0,0.0,1.0,0.0
646,Wollaston,Midday,397.3506240590688,0.4117647058823529,17,0,0,0,1,0.0,0.0,0.0,0.0,0.0
647,Wollaston,PM Rush,212.2711152531628,0.4117647058823529,17,0,0,0,1,0.0,0.0,0.0,0.0,1.0
648,Wonderland,AM Rush,1243.6361588877644,0.6363636363636364,11,1,0,0,0,1.0,0.0,0.0,0.0,0.0
649,Wonderland,Early Morning,594.618350236646,0.6363636363636364,11,1,0,0,0,0.0,1.0,0.0,0.0,0.0
650,Wonderland,Evening,192.6355088757551,0.6363636363636364,11,1,0,0,0,0.0,0.0,1.0,0.0,0.0
651,Wonderland,Late Night,101.01915807311713,0.6363636363636364,11,1,0,0,0,0.0,0.0,0.0,1.0,0.0
652,Wonderland,Midday,961.5149279943117,0.6363636363636364,11,1,0,0,0,0.0,0.0,0.0,0.0,0.0
653,Wonderland,PM Rush,629.8972142474364,0.6363636363636364,11,1,0,0,0,0.0,0.0,0.0,0.0,1.0
654,Wood Island,AM Rush,330.1872486135668,1.0,12,1,0,0,0,1.0,0.0,0.0,0.0,0.0
655,Wood Island,Early Morning,183.6237808361531,1.0,12,1,0,0,0,0.0,1.0,0.0,0.0,0.0
656,Wood Island,Evening,71.14391356392427,1.0,12,1,0,0,0,0.0,0.0,1.0,0.0,0.0
657,Wood Island,Late Night,59.24152621434712,1.0,12,1,0,0,0,0.0,0.0,0.0,1.0,0.0
658,Wood Island,Midday,350.41827077098066,1.0,12,1,0,0,0,0.0,0.0,0.0,0.0,0.0
659,Wood Island,PM Rush,321.10765047720537,1.0,12,1,0,0,0,0.0,0.0,0.0,0.0,1.0
660,Woodland,AM Rush,0.0,0.23076923076923078,26,0,1,0,0,1.0,0.0,0.0,0.0,0.0
661,Woodland,Early Morning,0.0,0.21875,32,0,1,0,0,0.0,1.0,0.0,0.0,0.0
662,Woodland,Evening,0.0,0.23076923076923078,26,0,1,0,0,0.0,0.0,1.0,0.0,0.0
663,Woodland,Late Night,0.0,0.2916666666666667,24,0,1,0,0,0.0,0.0,0.0,1.0,0.0
664,Woodland,Midday,0.0,0.2692307692307692,26,0,1,0,0,0.0,0.0,0.0,0.0,0.0
665,Woodland,PM Rush,0.0,0.25925925925925924,27,0,1,0,0,0.0,0.0,0.0,0.0,1.0
